INSERT INTO customer (id, name, surname, pesel)
VALUES
    (1, 'Adam', 'Adamczyk', '55874896521'),
       (2, 'Małgorzata', 'Staszewska', '66325987458'),
       (3, 'Malwina', 'Radosna', '90125874521'),
       (4, 'Janusz', 'Ozga', '44586325659'),
       (5, 'Onufry', 'Zagłoba', '75695214856');

INSERT INTO account (id, account_number, iban, swift, customer_id)
VALUES
    (1, '11256985623574125896541236', 'PL11256985623574125896541236', '11025698', 1),
    (2, '10256985623574125896541236', 'PL00256985623574125896541236', '10025698', 1),
    (3, '22256985623574125896541236', 'PL22256985623574125896541236', '22025698', 1),
    (4, '99256985623574125896541236', 'PL99256985623574125896541236', '99025698', 2),
    (5, '33256985623574125896541236', 'PL33256985623574125896541236', '33025698', 3),
    (6, '44256985623574125896541236', 'PL44256985623574125896541236', '44025698', 3),
    (7, '55256985623574125896541236', 'PL55256985623574125896541236', '55025698', 4),
    (8, '66256985623574125896541236', 'PL66256985623574125896541236', '66025698', 5);

INSERT INTO card (id, card_number, card_type, csv_code, expired_date, account_id)
VALUES
    (1, '1023658745235625', 'DEBIT', '854', '2025-03-25', 1),
    (2, '1123658745235625', 'CREDIT', '154', '2026-06-25', 1),
    (3, '2023658745235625', 'DEBIT', '254', '2025-07-01', 2),
    (4, '2223658745235625', 'CREDIT', '224', '2026-02-25', 3),
    (5, '3023658745235625', 'CREDIT', '304', '2026-04-25', 4),
    (6, '4423658745235625', 'DEBIT', '444', '2025-06-28', 5),
    (7, '4023658745235625', 'CREDIT', '404', '2026-04-18', 5),
    (8, '5523658745235625', 'DEBIT', '554', '2025-08-28', 6),
    (9, '6023658745235625', 'CREDIT', '604', '2026-11-01', 7),
    (10, '7023658745235625', 'CREDIT', '704', '2026-05-07', 8),
    (11, '7723658745235625', 'DEBIT', '774', '2026-05-17', 8);


commit;